{
  "hash": "c28c36b9",
  "configHash": "cb9d9335",
  "lockfileHash": "d90e4e16",
  "browserHash": "ea0ba4be",
  "optimized": {
    "@angular/core": {
      "src": "../../../../../node_modules/@angular/core/fesm2022/core.mjs",
      "file": "@angular_core.js",
      "fileHash": "4079ba61",
      "needsInterop": false
    },
    "@angular/platform-browser": {
      "src": "../../../../../node_modules/@angular/platform-browser/fesm2022/platform-browser.mjs",
      "file": "@angular_platform-browser.js",
      "fileHash": "02bdc7ec",
      "needsInterop": false
    },
    "@angular/router": {
      "src": "../../../../../node_modules/@angular/router/fesm2022/router.mjs",
      "file": "@angular_router.js",
      "fileHash": "64b09dbb",
      "needsInterop": false
    }
  },
  "chunks": {
    "chunk-UEBAAGOC": {
      "file": "chunk-UEBAAGOC.js"
    },
    "chunk-KJBDP7EP": {
      "file": "chunk-KJBDP7EP.js"
    }
  }
}